dataset,mean_mcc,std_mcc
10_7717_peerj_5665_dataYM2018_neuroblastoma,0.4380024772075552,0.14088848172154958
