dataset,mean_mcc,std_mcc
10_7717_peerj_5665_dataYM2018_neuroblastoma,0.49671770573735397,0.13887499855988922
