"dataset","mean_mcc","std_mcc"
"10_7717_peerj_5665_dataYM2018_neuroblastoma",0.509122483364383,0.127410205457245
